zone,time_elapsed,power_j,watts,watts_since_last,start_power,prev_power,prev_power_reading
package-0,0.000022394,0.0,0.0,0.0,33902.944687,0.0,33902.944687
core,0.00016406,0.0,0.0,0.0,26566.32213,0.0,26566.32213
uncore,0.000213909,0.0,0.0,0.0,1572.511085,0.0,1572.511085
package-0,1.000756421,21.618937999999616,21.60377381427258,21.603775562950965,33902.944687,0.0,33924.563625
core,1.000840521,17.0082599999987,16.996329885136735,16.996331260873905,26566.32213,0.0,26583.33039
uncore,1.000881797,0.7580169999998816,0.7574853036430925,0.7574853649563699,1572.511085,0.0,1573.269102
package-0,2.001432318,42.57836499999394,21.274571932427513,20.94536007522244,33902.944687,21.618937999999616,33945.523052
core,2.001523614,33.38296300000002,16.68002629178381,16.3637131139103,26566.32213,17.0082599999987,26599.705093
uncore,2.001577098,1.5022409999999127,0.7506050130000185,0.7437245138727896,1572.511085,0.7580169999998816,1574.013326
package-0,3.002152972,62.06116800000018,20.67274989201962,19.469124810617547,33902.944687,42.57836499999394,33965.005855
core,3.002255201,48.328449000000546,16.098342506964002,14.93499330097698,26566.32213,33.38296300000002,26614.650579
uncore,3.00231242,2.229757999999947,0.7427386712046518,0.7270062359529158,1572.511085,1.5022409999999127,1574.740843
package-0,4.002958668,83.2205959999992,20.790039132199144,21.141857974361997,33902.944687,62.06116800000018,33986.165283
core,4.003025076,64.92077599999902,16.218406721489085,16.578549330263364,26566.32213,48.328449000000546,26631.242906
uncore,4.003071667,2.961027999999942,0.739719383787359,0.7306627797742125,1572.511085,2.229757999999947,1575.472113
package-0,5.003626687,104.11380199999985,20.807943176027212,20.879564607898416,33902.944687,83.2205959999992,34007.058489
core,5.003833367,81.52828500000032,16.294054092068993,16.59666578416787,26566.32213,64.92077599999902,26647.850415
uncore,5.003892452,3.4260620000000017,0.6847248111594876,0.46473037445140675,1572.511085,2.961027999999942,1575.937147
package-0,6.004475731,124.63811599999462,20.75770335532138,20.506543029805147,33902.944687,104.11380199999985,34027.582803
core,6.004546739,97.47310899999866,16.233540321990795,15.931018179643855,26566.32213,81.52828500000032,26663.795239
uncore,6.004591168,4.155668999999989,0.6921008365122314,0.7289752700309784,1572.511085,3.4260620000000017,1576.666754
package-0,7.005159408,146.25366699999722,20.87824471698814,21.601557985973557,33902.944687,124.63811599999462,34049.198354
core,7.005239487,114.51720999999816,16.347749658042613,17.03306735369526,26566.32213,97.47310899999866,26680.83934
uncore,7.005285185,4.898183999999901,0.6992336419218514,0.7420343264879683,1572.511085,4.155668999999989,1577.409269
package-0,8.005852085,167.62524299999495,20.937971955997064,21.356062016881936,33902.944687,146.25366699999722,34070.56993
core,8.005937118,131.28758300000118,16.39905590487194,16.75819910681107,26566.32213,114.51720999999816,26697.609713
uncore,8.005980881,5.643948999999793,0.704982398641933,0.7452236367603093,1572.511085,4.898183999999901,1578.155034
package-0,9.006703865,188.71423999999388,20.952871394979883,21.072057531174597,33902.944687,167.62524299999495,34091.658927
core,9.006790432,147.78958299999795,16.409022054280392,16.488744978217447,26566.32213,131.28758300000118,26714.111713
uncore,9.006836753,6.395878999999923,0.7101320501561263,0.75132602178376,1572.511085,5.643948999999793,1578.906964
package-0,10.007413748,209.20854099999997,20.90546696343848,20.478836140669593,33902.944687,188.71423999999388,34112.153228
core,10.007490004,163.72275000000081,16.36023331039967,15.921143941180814,26566.32213,147.78958299999795,26730.04488
uncore,10.007532461,7.132534999999962,0.7127289072202263,0.7361001244217803,1572.511085,6.395878999999923,1579.64362
package-0,11.008108026,230.24447099999816,20.916016276258368,21.02151470650335,33902.944687,209.20854099999997,34133.189158
core,11.008206956,180.20314399999916,16.37012987355055,16.46910047903585,26566.32213,163.72275000000081,26746.525274
uncore,11.010050761,7.86635299999989,0.7146002971024346,0.7333151364782398,1572.511085,7.132534999999962,1580.377438
package-0,12.010673992,251.7630879999997,20.96178359292261,21.464321110891284,33902.944687,230.24447099999816,34154.707775
core,12.010751663,197.17092499999853,16.41644251148663,16.924967804540625,26566.32213,180.20314399999916,26763.493055
uncore,12.010790429,8.574690999999802,0.713928394134478,0.7065507177828176,1572.511085,7.86635299999989,1581.085776
package-0,13.011400784,271.4485629999981,20.86249461052301,19.670862008383928,33902.944687,251.7630879999997,34174.39325
core,13.011510757,212.57910999999876,16.338014420377622,15.396747141467513,26566.32213,197.17092499999853,26778.90124
uncore,13.011593332,9.024816999999985,0.6936127933138384,0.44979186087153716,1572.511085,8.574690999999802,1581.535902
package-0,14.012410909,292.883597,20.90186631549142,21.413632637376033,33902.944687,271.4485629999981,34195.828284
core,14.012508524,229.46574899999905,16.37600213432946,16.869778887496093,26566.32213,212.57910999999876,26795.787879
uncore,14.012561921,9.736922999999933,0.6948831035772628,0.7113950126166744,1572.511085,9.024816999999985,1582.248008
package-0,15.013141338,312.58948699999746,20.821134896012467,19.69076863175285,33902.944687,292.883597,34215.534174
core,15.013270094,244.60321000000113,16.292667038439877,15.125845228165868,26566.32213,229.46574899999905,26810.92534
uncore,15.013342671,10.482016999999814,0.6981920346518046,0.7445222500940992,1572.511085,9.736922999999933,1582.993102
package-0,16.014040518,334.0546389999945,20.860194943116046,21.446085914912615,33902.944687,312.58948699999746,34236.999326
core,16.01416686,261.49941599999875,16.329450809605618,16.881198209640495,26566.32213,244.60321000000113,26827.821546
uncore,16.016025026,11.198776999999836,0.6993127592653628,0.7161233491556623,1572.511085,10.482016999999814,1583.709862
package-0,17.017080697,355.52693299999373,20.89242141909322,21.406924274735356,33902.944687,334.0546389999945,34258.47162
core,17.017159272,278.3839650000009,16.359140681750315,16.833146093105725,26566.32213,261.49941599999875,26844.706095
uncore,17.017212784,11.939431000000013,0.7016166731767415,0.7383991711264847,1572.511085,11.198776999999836,1584.450516
package-0,18.017724261,377.08998099999735,20.928899483487555,21.549250553605408,33902.944687,355.52693299999373,34280.034668
core,18.017805865,295.36402799999996,16.393021200555435,16.969198046719697,26566.32213,278.3839650000009,26861.686158
uncore,18.017852317,12.678146999999854,0.7036507930977834,0.7382433212573222,1572.511085,11.939431000000013,1585.189232
package-0,19.018477189,398.8359270000001,20.971045912472277,21.729864748406083,33902.944687,377.08998099999735,34301.780614
core,19.018539217,312.55315699999846,16.434243160684776,17.17641754066828,26566.32213,295.36402799999996,26878.875287
uncore,19.018576534,13.404228999999987,0.7048028593981004,0.7255450582031747,1572.511085,12.678146999999854,1585.915314
package-0,20.019104761,420.2858519999936,20.99430342928881,21.436344347013986,33902.944687,398.8359270000001,34323.230539
core,20.019177765,329.41372000000047,16.455018789095234,16.84988802304321,26566.32213,312.55315699999846,26895.73585
uncore,20.01921546,14.146408999999949,0.7066476341459753,0.741710101432561,1572.511085,13.404228999999987,1586.657494
package-0,21.019726166,441.2941339999961,20.994345117765295,20.99517916063051,33902.944687,420.2858519999936,34344.238821
core,21.019807176,345.8612179999982,16.454172430813877,16.437239715937885,26566.32213,329.41372000000047,26912.183348
uncore,21.02172274,14.878517999999985,0.7078379649000399,0.7316523845266824,1572.511085,14.146408999999949,1587.389603
package-0,22.022309385,465.9101709999959,21.156339659351545,24.552641588365788,33902.944687,441.2941339999961,34368.854858
core,22.022390655,365.60615400000097,16.60167229011465,19.694085477418376,26566.32213,345.8612179999982,26931.928284
uncore,22.022442185,15.727350999999999,0.7141573642483222,0.8466469406662742,1572.511085,14.878517999999985,1588.238436
package-0,23.02296981,490.9610909999974,21.32488260483396,25.03408250169026,33902.944687,465.9101709999959,34393.905778
core,23.023046963,385.70879799999966,16.75325191299457,20.089132391067707,26566.32213,365.60615400000097,26952.030928
uncore,23.023096033,16.51350400000001,0.7172636297454743,0.7856246022481591,1572.511085,15.727350999999999,1589.024589
package-0,24.023690034,510.47833099999843,21.249023751927105,19.503739453040424,33902.944687,490.9610909999974,34413.423018
core,24.023806996,400.672974000001,16.678297636264052,14.953824917531925,26566.32213,385.70879799999966,26966.995104
uncore,24.02386981,17.246621000000005,0.7179028707282896,0.7326098852396004,1572.511085,16.51350400000001,1589.757706
package-0,25.024688223,530.9937959999952,21.218844816293135,20.49457594445453,33902.944687,510.47833099999843,34433.938483
core,25.02475964,416.63520699999935,16.649003941163247,15.945980091681891,26566.32213,400.672974000001,26982.957337
uncore,25.024815264,17.9771589999998,0.7183785383790562,0.7297941587630659,1572.511085,17.246621000000005,1590.488244
package-0,26.025468453,551.1182429999972,21.176175904605778,20.10921049252231,33902.944687,530.9937959999952,34454.06293
core,26.025583023,432.18881599999804,16.606429759610236,15.541833139530862,26566.32213,416.63520699999935,26998.510946
uncore,26.027496325,18.715111999999863,0.7191097533427098,0.7373942851988976,1572.511085,17.9771589999998,1591.226197
package-0,27.028225406,571.8454579999961,21.157387400489466,20.669764567560023,33902.944687,551.1182429999972,34474.790145
core,27.028301508,448.64031199999954,16.598989729949935,16.40589674513451,26566.32213,432.18881599999804,27014.962442
uncore,27.028355391,19.15112399999998,0.7085616296401777,0.4348034884876662,1572.511085,18.715111999999863,1591.662209
package-0,28.028914824,593.5474449999965,21.176330304786863,21.687992172411356,33902.944687,571.8454579999961,34496.492132
core,28.029018816,465.7440720000013,16.616616564103854,17.092730402927383,26566.32213,448.64031199999954,27032.066202
uncore,28.029084949,19.908592,0.7102901775531015,0.756979536244869,1572.511085,19.15112399999998,1592.419677
package-0,29.02975978,614.935132999999,21.182968484354998,21.368865042909693,33902.944687,593.5474449999965,34517.87982
core,29.029843207,482.58370099999956,16.62379457728333,16.824808715817632,26566.32213,465.7440720000013,27048.905831
uncore,29.029918257,20.634796999999935,0.7108168505507432,0.7255658787655327,1572.511085,19.908592,1593.145882
package-0,30.030579581,636.216594999998,21.18567289175453,21.2641170298507,33902.944687,614.935132999999,34539.161282
core,30.030680747,499.302760999999,16.626515327686324,16.70543351152756,26566.32213,482.58370099999956,27065.624891
uncore,30.030747746,21.367653999999902,0.7115314684744894,0.7322597016194339,1572.511085,20.634796999999935,1593.878739
package-0,31.03136061,657.5752769999963,21.19071239834628,21.341932680495113,33902.944687,636.216594999998,34560.519964
core,31.031568666,516.1210600000013,16.63227515956278,16.805110215064634,26566.32213,499.302760999999,27082.44319
uncore,31.033463626,22.0957199999998,0.712046307292034,0.7274950560599426,1572.511085,21.367653999999902,1594.606805
package-0,32.034138921,679.6134439999951,21.215321780370484,21.976858356034686,33902.944687,657.5752769999963,34582.558131
core,32.034231852,533.5990529999981,16.65722729742822,17.429370442138687,26566.32213,516.1210600000013,27099.921183
uncore,32.034282717,22.817239999999856,0.7122800365614032,0.719512781668649,1572.511085,22.0957199999998,1595.328325
package-0,33.034921641,701.242376999995,21.227350105343092,21.612371461361494,33902.944687,679.6134439999951,34604.187064
core,33.035000633,550.9458730000006,16.677715607117374,17.333537327681817,26566.32213,533.5990529999981,27117.268003
uncore,33.035039745,23.27701000000002,0.7046197675466155,0.45941794848565576,1572.511085,22.817239999999856,1595.788095
package-0,34.037294866,722.9178299999985,21.239026682000915,21.62384220811788,33902.944687,701.242376999995,34625.862517
core,34.037508499,568.0052020000003,16.687757778492404,17.018709526961395,26566.32213,550.9458730000006,27134.327332
uncore,34.037555584,24.016427999999905,0.7055927159776276,0.73765739326588,1572.511085,23.27701000000002,1596.527513
package-0,35.038097665,744.5308479999949,21.249208681681274,21.595494853988978,33902.944687,722.9178299999985,34647.475535
core,35.038165491,585.066866000001,16.69804274969593,17.047830946726968,26566.32213,568.0052020000003,27151.388996
uncore,35.038201756,24.736253999999917,0.705982599191209,0.7192423880260653,1572.511085,24.016427999999905,1597.247339
package-0,36.038697386,766.0995110000003,21.25771904555188,21.55572676170397,33902.944687,744.5308479999949,34669.044198
core,36.038775736,602.1018279999989,16.707113518099053,17.02474493981717,26566.32213,585.066866000001,27168.423958
uncore,36.040704221,25.468500999999833,0.7066996271315376,0.7318078201727954,1572.511085,24.736253999999917,1597.979586
package-0,37.041338197,787.4005799999941,21.25737764780743,21.245106457759306,33902.944687,766.0995110000003,34690.345267
core,37.041430051,618.8167829999984,16.706137111344734,16.671041176935734,26566.32213,602.1018279999989,27185.138913
uncore,37.041480142,26.2069419999998,0.7075062899854426,0.7365009548477655,1572.511085,25.468500999999833,1598.718027
package-0,38.042099713,808.8560129999969,21.262156628413333,21.43904096654828,33902.944687,787.4005799999941,34711.8007
core,38.042161623,635.7057720000012,16.71060791613413,16.87608574735337,26566.32213,618.8167829999984,27202.027902
uncore,38.042198361,26.936091999999917,0.7080610119187577,0.728592926591561,1572.511085,26.2069419999998,1599.447177
package-0,39.042749027,830.4579989999984,21.270511567161588,21.588146939993752,33902.944687,808.8560129999969,34733.402686
core,39.042825594,652.7438619999994,16.718721336640098,17.027174746654026,26566.32213,635.7057720000012,27219.065992
uncore,39.042873989,27.662509999999884,0.7085195634700867,0.7259526287932316,1572.511085,26.936091999999917,1600.173595
package-0,40.043406229,850.4872069999983,21.239167268588975,20.016196511490026,33902.944687,830.4579989999984,34753.431894
core,40.043515604,668.2281079999993,16.68762145105935,15.474187035665825,26566.32213,652.7438619999994,27234.550238
uncore,40.043577179,28.391339000000016,0.7090152480097389,0.7283555339420046,1572.511085,27.662509999999884,1600.902424
package-0,41.044234624,871.1229339999991,21.224027443827342,20.618290544671243,33902.944687,850.4872069999983,34774.067621
core,41.044296987,684.3557069999988,16.673633237978617,16.113971752481795,26566.32213,668.2281079999993,27250.677837
uncore,41.044335606,29.100255999999945,0.7089982456671273,0.7083179903501672,1572.511085,28.391339000000016,1601.611341
package-0,42.044853556,891.9763479999965,21.214902914963492,20.84062375490844,33902.944687,871.1229339999991,34794.921035
core,42.044923911,700.967991999998,16.671930741348447,16.602096011441393,26566.32213,684.3557069999988,27267.290122
uncore,42.044957084,29.529783999999836,0.7023409332147911,0.42926455304618927,1572.511085,29.100255999999945,1602.040869
package-0,43.045490744,913.7868659999949,21.228425839483165,21.796632520641037,33902.944687,891.9763479999965,34816.731553
core,43.045577409,718.2129339999992,16.684995783663062,17.23396315547487,26566.32213,700.967991999998,27284.535064
uncore,43.045623736,30.264059999999972,0.7030724310188016,0.733808529477858,1572.511085,29.529783999999836,1602.775145
package-0,44.046192819,935.2898429999987,21.23432623124589,21.488135875151393,33902.944687,913.7868659999949,34838.23453
core,44.046265937,735.1579199999978,16.690636834772242,16.933290751808222,26566.32213,718.2129339999992,27301.48005
uncore,44.046302816,30.98814299999981,0.7035384193330705,0.7235832456538941,1572.511085,30.264059999999972,1603.499228
package-0,45.04687575,956.5839080000005,21.235334183005502,21.27970060626102,33902.944687,935.2898429999987,34859.528595
core,45.046966645,751.9023840000009,16.691581641407396,16.733168642640557,26566.32213,735.1579199999978,27318.224514
uncore,45.047016685,31.717475999999806,0.7041004941319294,0.7288410119094096,1572.511085,30.98814299999981,1604.228561
package-0,46.047640568,977.6407869999966,21.23110269054305,21.040634536021308,33902.944687,956.5839080000005,34880.585474
core,46.04772474,768.4370209999979,16.687893468652916,16.521881248535323,26566.32213,751.9023840000009,27334.759151
uncore,46.047777194,32.424790999999914,0.7041584972665391,0.7067693373196914,1572.511085,31.717475999999806,1604.935876
package-0,47.048365185,999.0398119999954,21.234343715228665,21.383476603723746,33902.944687,977.6407869999966,34901.984499
core,47.048440252,785.2551209999983,16.690403068198766,16.805880074868615,26566.32213,768.4370209999979,27351.577251
uncore,47.048492041,33.19161199999985,0.7054794906116398,0.7662638327093689,1572.511085,32.424790999999914,1605.702697
package-0,48.049277048,1020.2334940000001,21.233132285951054,21.176183653575638,33902.944687,999.0398119999954,34923.178181
core,48.049360018,801.9471139999987,16.690149125704593,16.678211426977605,26566.32213,785.2551209999983,27368.269244
uncore,48.049400401,33.87352299999998,0.704976849985877,0.6813479871686742,1572.511085,33.19161199999985,1606.384608
package-0,49.049901882,1041.365472999998,21.230761804790312,21.11694329291759,33902.944687,1020.2334940000001,34944.31016
core,49.05011775,818.8317999999999,16.693872953081605,16.872672302995387,26566.32213,801.9471139999987,27385.15393
uncore,49.050180255,34.306879999999865,0.699428986681531,0.43304866025976035,1572.511085,33.87352299999998,1606.817965
package-0,50.050752968,1062.9075569999986,21.236626469697686,21.524046483138953,33902.944687,1041.365472999998,34965.852244
core,50.050881648,835.815297000001,16.699380057233405,16.969276457851702,26566.32213,818.8317999999999,27402.137427
uncore,50.050948545,35.032718999999815,0.6999449413274593,0.725231243888641,1572.511085,34.306879999999865,1607.543804
package-0,51.051526651,1084.1576329999953,21.236564597234093,21.233470258413682,33902.944687,1062.9075569999986,34987.10232
core,51.051617565,852.498302,16.698803484285808,16.669968168043297,26566.32213,835.815297000001,27418.820432
uncore,51.051667863,35.79097999999999,0.7010765184257265,0.7576684615914452,1572.511085,35.032718999999815,1608.302065
package-0,52.052317415,1105.4698849999986,21.23769209825224,21.295206635165957,33902.944687,1084.1576329999953,35008.414572
core,52.052407126,869.3063469999979,16.700645388130493,16.79460206307939,26566.32213,852.498302,27435.628477
uncore,52.054257441,36.47067799999991,0.7006550250606788,0.6791543830987442,1572.511085,35.79097999999999,1608.981763
package-0,53.054846316,1127.3110869999946,21.248054586917284,21.786084361224546,33902.944687,1105.4698849999986,35030.255774
core,53.054928852,886.5484519999991,16.71005467725262,17.19859347004741,26566.32213,869.3063469999979,27452.870582
uncore,53.054973635,37.22175399999992,0.7015719706239426,0.7491806127563109,1572.511085,36.47067799999991,1609.732839
package-0,54.055552693,1148.982176999998,21.255607570879082,21.65605147480202,33902.944687,1127.3110869999946,35051.926864
core,54.055625366,903.6745950000004,16.717537441046947,17.11425841398793,26566.32213,886.5484519999991,27469.996725
uncore,54.055663557,37.939046999999846,0.7018537891951439,0.7167952387494632,1572.511085,37.22175399999992,1610.450132
package-0,55.056219266,1170.269588999996,21.25592053926049,21.272826605528177,33902.944687,1148.982176999998,35073.214276
core,55.056307102,920.6702829999995,16.722381374559095,16.984043145576948,26566.32213,903.6745950000004,27486.992413
uncore,55.056350825,38.41473099999985,0.6977370661838725,0.47535807786428463,1572.511085,37.939046999999846,1610.925816
package-0,56.056926432,1191.5487619999985,21.256066871505485,21.2641176644703,33902.944687,1170.269588999996,35094.493449
core,56.057009395,937.469051,16.723532828464144,16.786882618516533,26566.32213,920.6702829999995,27503.791181
uncore,56.057047684,39.07518899999991,0.6970632313918803,0.6599907160132735,1572.511085,38.41473099999985,1611.586274
package-0,57.057651539,1212.5928399999975,21.252086873028762,21.029138962767256,33902.944687,1191.5487619999985,35115.537527
core,57.057840242,953.9679539999997,16.719387715082945,16.487190549295054,26566.32213,937.469051,27520.290084
uncore,57.057887272,39.79644899999994,0.6974786288413669,0.7207479827952955,1572.511085,39.07518899999991,1612.307534
package-0,58.058460195,1234.3998169999977,21.261347913944327,21.78933304398915,33902.944687,1212.5928399999975,35137.344504
core,58.058544253,971.5180719999989,16.733463055492685,17.53591825512028,26566.32213,953.9679539999997,27537.840202
uncore,58.058588615,40.244118999999955,0.6931661879444186,0.4473077916211356,1572.511085,39.79644899999994,1612.755204
package-0,59.059159351,1256.095061,21.26844625842923,21.68028053054346,33902.944687,1234.3998169999977,35159.039748
core,59.059234136,988.5724269999992,16.738700906502835,17.04259240723185,26566.32213,971.5180719999989,27554.894557
uncore,59.059278078,41.0327749999999,0.6947749394277065,0.7881120545172631,1572.511085,40.244118999999955,1613.54386
package-0,60.059886798,1277.8993069999997,21.27711236055956,21.788556169644714,33902.944687,1256.095061,35180.843994
core,60.059966177,1005.8642110000001,16.747709087624223,17.279341232775902,26566.32213,988.5724269999992,27572.186341
uncore,60.060015777,41.710871,0.6944889038302025,0.677608057825696,1572.511085,41.0327749999999,1614.221956
package-0,61.060540353,1296.9783379999935,21.240897110129403,19.067168456474494,33902.944687,1277.8993069999997,35199.923025
core,61.060660458,1020.4300320000002,16.711805188066425,14.556764581699461,26566.32213,1005.8642110000001,27586.752162
uncore,61.060747955,42.42074899999989,0.6947338582640437,0.7094366275492431,1572.511085,41.710871,1614.931834
package-0,62.06161156,1318.4630509999988,21.24444730263697,21.46098416925591,33902.944687,1296.9783379999935,35221.407738
core,62.061705569,1037.3998580000007,16.715664954227154,16.951083644494005,26566.32213,1020.4300320000002,27603.721988
uncore,62.061753878,43.12434099999996,0.6948642126456124,0.7028149165228749,1572.511085,42.42074899999989,1615.635426
package-0,63.06231105,1339.8559879999957,21.24655592615888,21.377324840383412,33902.944687,1318.4630509999988,35242.800675
core,63.06238854,1054.2369389999985,16.71739670867231,16.82479361767176,26566.32213,1037.3998580000007,27620.559069
uncore,63.062430165,43.855778999999984,0.6954361286242704,0.7309042104224951,1572.511085,43.12434099999996,1616.366864
package-0,64.063051493,1360.8964339999948,21.243099576568085,21.025291327440197,33902.944687,1339.8559879999957,35263.841121
core,64.063123861,1070.719591000001,16.713544338815836,16.47078014167956,26566.32213,1054.2369389999985,27637.041721
uncore,64.063200617,44.595349999999826,0.6961172334895731,0.7390383137469442,1572.511085,43.855778999999984,1617.106435
package-0,65.063796939,1379.9486560000005,21.209182436379376,19.037974018326345,33902.944687,1360.8964339999948,35282.893343
core,65.063869261,1085.2640819999979,16.680014728597072,14.533614072292448,26566.32213,1070.719591000001,27651.586212
uncore,65.063927644,45.29651599999988,0.6961868236178597,0.7006416411970688,1572.511085,44.595349999999826,1617.807601
package-0,66.064509753,1401.4436079999941,21.21327560586689,21.479399819075244,33902.944687,1379.9486560000005,35304.388295
core,66.064582126,1102.2252100000005,16.684087055655983,16.948856163748427,26566.32213,1085.2640819999979,27668.54734
uncore,66.064628273,46.00613499999986,0.6963825128208226,0.709105571401896,1572.511085,45.29651599999988,1618.51722
package-0,67.065149241,1423.607637999994,21.227250544891113,22.149909144971172,33902.944687,1401.4436079999941,35326.552325
core,67.065230924,1119.8146019999986,16.697427357074627,17.578185678111833,26566.32213,1102.2252100000005,27686.136732
uncore,67.065277119,46.73384999999985,0.6968430882199022,0.7272513677987498,1572.511085,46.00613499999986,1619.244935
package-0,68.065826994,1445.2482429999945,21.23311440811922,21.626111590908398,33902.944687,1423.607637999994,35348.19293
core,68.065917513,1136.700417,16.700030682492184,16.87450602667799,26566.32213,1119.8146019999986,27703.022547
uncore,68.065973161,47.6553879999999,0.7001373711874588,0.9209208163664218,1572.511085,46.73384999999985,1620.166473
package-0,69.066673839,1467.1408019999944,21.24240360808944,21.87414842610972,33902.944687,1445.2482429999945,35370.085489
core,69.066777871,1153.9307420000005,16.707505185549483,17.215835137414526,26566.32213,1136.700417,27720.252872
uncore,69.066827147,48.48620099999994,0.7020208623881979,0.8301143268058496,1572.511085,47.6553879999999,1620.997286
package-0,70.067452927,1488.9515029999966,21.250275150110237,21.793507295736777,33902.944687,1467.1408019999944,35391.89619
core,70.067535491,1171.1373109999986,16.71443968938339,17.19300480236836,26566.32213,1153.9307420000005,27737.459441
uncore,70.06758054,49.24496599999998,0.7028228086336976,0.7581668541166532,1572.511085,48.48620099999994,1621.756051
package-0,71.068159482,1510.028674999994,21.24762778054468,21.062264676678243,33902.944687,1488.9515029999966,35412.973362
core,71.068235003,1187.6111139999994,16.71088722756215,16.462151517172853,26566.32213,1171.1373109999986,27753.933244
uncore,71.068274543,50.0247109999998,0.7038981820377145,0.7791935070945303,1572.511085,49.24496599999998,1622.535796
package-0,72.068818622,1531.1015599999955,21.245012959258702,21.0593023396528,33902.944687,1510.028674999994,35434.046247
core,72.068912535,1204.176403999998,16.708717420556724,16.554612738311587,26566.32213,1187.6111139999994,27770.498534
uncore,72.06897802,50.71200699999986,0.7036615166828112,0.6868529990475587,1572.511085,50.0247109999998,1623.223092
package-0,73.069656117,1553.5172859999948,21.26078941487704,22.39681990365216,33902.944687,1531.1015599999955,35456.461973
core,73.069885128,1221.9885939999986,16.72362605717136,17.797166664138356,26566.32213,1204.176403999998,27788.310724
uncore,73.071490992,51.45719299999996,0.7042216743339718,0.7445574877532763,1572.511085,50.71200699999986,1623.968278
package-0,74.072007328,1575.457481999998,21.269286761184066,21.888727895887747,33902.944687,1553.5172859999948,35478.402169
core,74.072105085,1239.621683999998,16.735373295448852,17.591725660683657,26566.32213,1221.9885939999986,27805.943814
uncore,74.07216496,51.90759400000002,0.7007726419043527,0.44934443306867133,1572.511085,51.45719299999996,1624.418679
package-0,75.072794852,1597.578972999996,21.280418408813443,22.10432124742591,33902.944687,1575.457481999998,35500.52366
core,75.072863512,1257.1008829999992,16.74510820713517,17.46563239538181,26566.32213,1239.621683999998,27823.423013
uncore,75.072910927,52.700902999999926,0.7019980140676856,0.792693267577385,1572.511085,51.90759400000002,1625.211988
package-0,76.073523438,1619.6501729999945,21.29061003306396,22.055167238781106,33902.944687,1597.578972999996,35522.59486
core,76.07362377,1274.6349950000003,16.75531980018597,17.521375029158865,26566.32213,1257.1008829999992,27840.957125
uncore,76.073690282,53.37492499999985,0.7016235559152668,0.6735323830429258,1572.511085,52.700902999999926,1625.88601
package-0,77.074362393,1642.219395,21.30696319278149,22.5499417321747,33902.944687,1619.6501729999945,35545.164082
core,77.074446256,1292.5203159999983,16.76979512164041,17.870042060426137,26566.32213,1274.6349950000003,27858.842446
uncore,77.074497205,54.1984759999998,0.7031977193503105,0.822847462950587,1572.511085,53.37492499999985,1626.709561
package-0,78.075113581,1667.8536279999971,21.362180867146225,25.614822139009743,33902.944687,1642.219395,35570.798315
core,78.075198928,1312.8839630000002,16.815663079986876,20.34822715416098,26566.32213,1292.5203159999983,27879.206093
uncore,78.075248169,55.48232999999982,0.7106280482250397,1.2828818347114388,1572.511085,54.1984759999998,1627.993415
package-0,79.075802993,1693.295717999994,21.413589357561982,25.424542184377504,33902.944687,1667.8536279999971,35596.240405
core,79.075873894,1332.626014999998,16.85252371990838,19.72843559157996,26566.32213,1312.8839630000002,27898.948145
uncore,79.075912471,57.22377099999994,0.7236576108114667,1.7402399003428253,1572.511085,55.48232999999982,1629.734856
package-0,80.076428234,1715.01397,21.417233718368777,21.70524166110195,33902.944687,1693.295717999994,35617.958657
core,80.07667012,1349.593840999998,16.853837474902893,16.957661408175387,26566.32213,1332.626014999998,27915.915971
uncore,80.076745723,58.147306999999955,0.7261482914408796,0.9229827549068941,1572.511085,57.22377099999994,1630.658392
package-0,81.077333909,1744.8015069999965,21.52023023788083,29.760264752897495,33902.944687,1715.01397,35647.746194
core,81.077435523,1371.8792489999978,16.920639498880867,22.265004394502622,26566.32213,1349.593840999998,27938.201379
uncore,81.077497866,61.58012799999983,0.7595239500433164,3.429678049894309,1572.511085,58.147306999999955,1634.091213
package-0,82.078091048,1771.0174209999968,21.57724147744811,26.196055765574574,33902.944687,1744.8015069999965,35673.962108
core,82.078162483,1391.7564710000006,16.95650482964282,19.86216524729111,26566.32213,1371.8792489999978,27958.078601
uncore,82.078203157,63.91190199999983,0.778672488697669,2.3300077096955683,1572.511085,61.58012799999983,1636.422987
package-0,83.078739379,1797.799788999997,21.639723601052005,26.76476173825728,33902.944687,1771.0174209999968,35700.744476
core,83.0788146,1411.7525529999984,16.9929572953129,19.98293692434495,26566.32213,1391.7564710000006,27978.074683
uncore,83.078851182,66.71711499999992,0.8030593489293159,2.8033689018859,1572.511085,63.91190199999983,1639.2282
package-0,84.07943538,1820.2507609999957,21.64919696157343,22.435695781533735,33902.944687,1797.799788999997,35723.195448
core,84.079532274,1429.266036000001,16.99901056866054,17.50156637597428,26566.32213,1411.7525529999984,27995.588166
uncore,84.081363126,67.80769599999985,0.8064724914099323,1.0898389406534665,1572.511085,66.71711499999992,1640.318781
package-0,85.081876468,1846.9782759999944,21.708261723018378,26.66226574349564,33902.944687,1820.2507609999957,35749.922963
core,85.081966429,1448.957430999999,17.03016627016376,19.64332285848925,26566.32213,1429.266036000001,28015.279561
uncore,85.082021588,70.8430159999998,0.8326458153620314,3.0279099443607094,1572.511085,67.80769599999985,1643.354101
package-0,86.08261394,1870.5298229999971,21.729489544335276,23.534265835668155,33902.944687,1846.9782759999944,35773.47451
core,86.082820717,1467.4784309999995,17.047339652575044,18.507410045818816,26566.32213,1448.957430999999,28033.800561
uncore,86.082886604,71.95399699999984,0.8358720648340238,1.110165807467946,1572.511085,70.8430159999998,1644.465082
package-0,87.083475461,1894.1816760000002,21.75134907973442,23.631450361966916,33902.944687,1870.5298229999971,35797.126363
core,87.083570172,1485.246067,17.05544197895599,17.752309224290133,26566.32213,1467.4784309999995,28051.568197
uncore,87.083629549,73.92061599999988,0.8488484199680321,1.9649225487489685,1572.511085,71.95399699999984,1646.431701
package-0,88.08419527,1916.5929619999952,21.75866684607792,22.395473272972115,33902.944687,1894.1816760000002,35819.537649
core,88.084327014,1501.8761879999984,17.050476687887127,16.618387288522293,26566.32213,1485.246067,28068.198318
uncore,88.084418809,75.75000399999999,0.8599734702694133,1.8280972390387347,1572.511085,73.92061599999988,1648.261089
package-0,89.08518251,1939.8107549999986,21.774809275460058,23.19532494128037,33902.944687,1916.5929619999952,35842.755442
core,89.085287176,1519.6755759999978,17.058697990348485,17.782163378571454,26566.32213,1501.8761879999984,28085.997706
uncore,89.087167476,77.2819219999999,0.8675068470743578,1.5304355497264048,1572.511085,75.75000399999999,1649.793007
package-0,90.08780455,1963.3314959999989,21.793548296435038,23.458497934052406,33902.944687,1939.8107549999986,35866.276183
core,90.088100628,1537.798006000001,17.070003299087574,18.074472514070738,26566.32213,1519.6755759999978,28104.120136
uncore,90.088170023,78.79485999999997,0.8746457694074693,1.508934303870391,1572.511085,77.2819219999999,1651.305945
package-0,91.088769236,1989.155906,21.837572132689598,25.799800602198665,33902.944687,1963.3314959999989,35892.100593
core,91.088842042,1557.4345639999992,17.098000981575126,19.61784532205943,26566.32213,1537.798006000001,28123.756694
uncore,91.088888699,80.97782199999983,0.8889997127621303,2.180881744139396,1572.511085,78.79485999999997,1653.488907
package-0,92.089445388,2011.367296999997,21.841466249455678,22.1959293378163,33902.944687,1989.155906,35914.311984
core,92.089512802,1574.9913339999985,17.10285342515748,17.544548485069082,26566.32213,1557.4345639999992,28141.313464
uncore,92.089575164,81.754729,0.8877757716605144,0.776366184092692,1572.511085,80.97782199999983,1654.265814
package-0,93.090140605,2032.3277149999994,21.83183720531575,20.945725955662407,33902.944687,2011.367296999997,35935.272402
core,93.090211127,1591.346368999999,17.094691278802106,16.34357106357509,26566.32213,1574.9913339999985,28157.668499
uncore,93.090249453,82.51627099999996,0.8864130435094306,0.7610082029721196,1572.511085,81.754729,1655.027356
package-0,94.090740717,2054.2956339999946,21.83314292236901,21.954618650515876,33902.944687,2032.3277149999994,35957.240321
core,94.090819322,1608.6790760000004,17.097110854558053,17.322213012813886,26566.32213,1591.346368999999,28175.001206
uncore,94.09260639,83.28850899999998,0.8851938789585247,0.7717704529701315,1572.511085,82.51627099999996,1655.799594
package-0,95.093178421,2073.627977999997,21.806292435847794,19.285971479444985,33902.944687,2054.2956339999946,35976.572665
core,95.093274763,1623.378557,17.071465047539334,14.664221334391966,26566.32213,1608.6790760000004,28189.700687
uncore,95.093331799,84.11129599999981,0.884515225099916,0.8208133796736242,1572.511085,83.28850899999998,1656.622381
package-0,96.093961421,2094.905304,21.800604499228193,21.260157402413082,33902.944687,2073.627977999997,35997.849991
core,96.094024594,1640.049371000001,17.067152213568022,16.657362380325466,26566.32213,1623.378557,28206.371501
uncore,96.094059993,84.84398599999986,0.882927824657439,0.7320987950822767,1572.511085,84.11129599999981,1657.355071
package-0,97.094567734,2115.9764649999997,21.792957867507578,21.058601123824573,33902.944687,2094.905304,36018.921152
core,97.094658289,1656.553828,17.061252039427764,16.494619196744676,26566.32213,1640.049371000001,28222.875958
uncore,97.094707554,85.57531699999981,0.8813610683895774,0.7308950759043085,1572.511085,84.84398599999986,1658.086402
package-0,98.095230524,2137.3034569999945,21.788056128467908,21.312448747281273,33902.944687,2115.9764649999997,36040.248144
core,98.095301676,1673.3003680000002,17.057925124466827,16.735120238446424,26566.32213,1656.553828,28239.622498
uncore,98.095346464,86.31413999999995,0.8799018786223958,0.7383191835407165,1572.511085,85.57531699999981,1658.825225
package-0,99.095931575,2158.2935819999984,21.779852370320608,20.975657837085766,33902.944687,2137.3034569999945,36061.238269
core,99.096015011,1690.0158269999993,17.054350493623115,16.70393809344879,26566.32213,1673.3003680000002,28256.337957
uncore,99.096058891,86.770354,0.8756202196038683,0.4558995606023033,1572.511085,86.31413999999995,1659.281439
package-0,100.096645955,2180.146501999996,21.780425824755653,21.837211947513396,33902.944687,2158.2935819999984,36083.091189
core,100.096718837,1707.2891039999995,17.05641508814787,17.260860831282773,26566.32213,1690.0158269999993,28273.611234
uncore,100.096755336,87.50552999999991,0.8742108402680786,0.7346475496512574,1572.511085,86.770354,1660.016615
